"","1","2","3","4","5","6","7","8","9","10","11","12","13","14","15","16","17","18","19","20","21","22","23","24","25","26","27","28","29","30","31","32","33","34","35","36","37","38","39","40","41","42","43","44","45","46","47","48","49","50","51","52","53","54","55","56","57","58","59","60","61","62","63","64","65","66","67","68","69","70","71","72","73","74","75","76","77","78","79","80","81","82","83","84","85","86","87","88","89","90","91","92","93","94","95","96","97","98","99","100","101","102","prop","h_co","dist"
"1",176283.700455859,11055.6901948878,4622.38450183172,2809.43045695719,1982.68453140127,1516.58189110163,1220.00806230029,1015.88760586505,867.428292889223,754.93853940451,666.965808813105,596.414210174714,538.662359403167,490.576504388475,449.959584557561,415.227447834019,385.210227104752,359.025980751783,335.997752611575,315.597632087882,297.408114534978,281.094842611142,266.387011539023,253.063044006634,240.939957002408,229.865359435725,219.711353468122,210.369832906051,201.748820122264,193.769584175272,186.364353012303,179.474482051155,173.048976663013,167.043291499125,161.41834815691,156.13972636444,151.176994053883,146.503149355879,142.094153356022,137.928536895538,133.987068119285,130.252470128685,126.70918017119,123.343143428742,120.1416357581,117.093110762946,114.18706739956,111.413934979216,108.764972965161,106.232183396591,103.808234126734,101.486391352974,99.2604601564437,97.1247319664418,95.0739380293867,93.1032080988545,91.208033677698,89.3842352392414,87.627932935332,85.9355203672729,84.3036410534361,82.7291672764478,81.2091810346653,79.7409568583799,78.3219462817944,76.9497637881035,75.6221740676223,74.33708044845,73.0925143760362,71.8866258326656,70.717674600603,69.5840222837197,68.4841250120902,67.4165267625009,66.3798532352193,65.372806233867,64.3941585009612,63.4427489667138,62.5174783731272,61.6173052393477,60.7412421377116,59.8883522530074,59.0577462002059,58.2485790783546,57.4600477404928,56.6913882613872,55.9418735866089,55.2108113480244,54.4975418321566,53.8014360891151,53.1218941709085,52.4583434889602,51.8102372815468,51.1770531826973,50.5582918848234,49.9534758880182,49.3621483295579,48.7838718876892,48.2182277542742,47.6648146713151,47.1232480267924,46.5931590057061,"0.10","0.5","neugammalet"
"2",150738.704333063,10911.3843037394,4654.04187345767,2837.6207010425,2003.27227277319,1531.65026971903,1231.24808154078,1024.41545132305,873.978477310751,760.007476526692,670.899289302955,599.459967003075,541.002341516401,492.347277122385,451.265608026548,416.149958617331,385.81332784317,359.360909270197,336.105935104885,315.512906187482,297.158374306809,280.703273704694,265.873030969432,252.443023882262,240.227788048672,229.072894237531,218.84875836297,209.44586976287,200.771073775621,192.744647353881,185.297977740044,178.371704393717,171.914220128162,165.880453223685,160.230871123597,154.930660211788,149.94904651902,145.258729983699,140.835410790993,136.657390822765,132.705236723828,128.961493784839,125.410441947387,122.037886892299,118.830980481907,115.778065869412,112.868543422553,110.092754279956,107.441878901092,104.907848411714,102.483266906497,100.161343165636,97.9358304851148,95.8009735211313,93.751461215834,91.7823850103359,89.8892016670087,88.0677001204133,86.3139718581323,84.6243844019569,82.9955575184511,81.4243418376799,79.907799601283,78.4431872972733,77.0279399699659,75.6596570200693,74.3360893328909,73.0551275924062,71.814791656041,70.6132208798566,69.4486652967172,68.3194775612382,67.2241055851091,66.161085794939,65.1290369522777,64.1266544820374,63.1527052613329,62.2060228258473,61.2855029553301,60.3900996038067,59.518821143596,58.6707268953516,57.8449239191112,57.0405640438062,56.2568411148714,55.4929884415584,54.748276427303,54.0220103680568,53.3135284049034,52.6221996185267,51.9474222542332,51.2886220672433,50.6452507788802,50.0167846351072,49.4027230596106,48.8025873942924,48.2159197206476,47.6422817560496,47.0812538194646,46.532433861568,45.9954365546487,45.4698924380546,"0.10","0.5","gammalet"
"3",183466.883695691,11075.7767176079,4613.02690379518,2804.05012406462,1979.61830452903,1514.74201613562,1218.86512033991,1015.16737468476,866.977854958553,754.667157976962,666.816871229772,596.350930171733,538.660027527511,490.618062935295,450.032987099378,415.324023498589,385.323634188561,359.151518468828,336.13189729632,315.737717929508,297.552109630467,281.24118923152,266.534510483362,253.210769746995,241.087194666908,230.011557497717,219.856087875589,210.51277964103,201.889734038361,193.908282556355,186.500702713433,179.608389380084,173.180379374331,167.172152428481,161.544650136757,156.26346814717,151.298187031287,146.621814911334,142.210320721823,138.0422414153,134.098349836467,130.361372638696,126.815749687215,123.447428021428,120.243684737066,117.192974174276,114.284795618363,111.509578380251,108.858581657695,106.323807012143,103.897921650451,101.574190990997,99.34641923298,97.2088968453652,95.1563540560685,93.1839195586714,91.2870837682654,89.461666053919,87.7037854559598,86.0098344644387,84.3764554928558,82.8005197302782,81.2791080967619,79.8094940626791,78.3891281231338,77.0156237449088,75.686744625986,74.400393127207,73.1545997525079,71.9475135688024,70.7773934693014,69.6426001951308,68.54158903977,67.4729031692811,66.4351674987002,65.4270830714567,64.4474218943984,63.4950221860283,62.5687840000037,61.667665189866,60.7906776844491,59.9368840464904,59.1053942897084,58.2953629320427,57.5059862649201,56.7364998203471,55.9861760193546,55.2543219868676,54.5402775194586,53.8434131936843,53.1631286038196,52.4988507188119,51.8500323491732,51.2161507153509,50.5967061098455,49.9912206460147,49.3992370870964,48.8203177495345,48.2540434751777,47.7000126673724,47.1578403863821,46.6271575000242,"0.10","0.5","neugamma"
"4",185462.433957837,11042.1708328956,4609.18833823482,2806.31049359212,1982.76450283494,1517.68340010321,1221.38410290522,1017.2598876418,868.69175415553,756.057748858752,667.934593935615,597.23868571874,539.353427170177,491.146453929908,450.420559030543,415.590786473003,385.48622638424,359.22385461656,336.125683944022,315.66286186807,297.417042208455,281.053124909343,266.299654024145,252.934483198484,240.774132738478,229.665777969863,219.481142175677,210.111787572324,201.465445774052,193.463130340278,186.036844194102,179.127744106886,172.68465967585,166.662889651854,161.023217037714,155.731098071111,150.755990407255,146.070793486263,141.651379886693,137.476200913824,133.52595309752,129.783294933532,126.232605279733,122.859776452786,119.652036363802,116.597795060734,113.686511868997,110.908579984704,108.255225910901,105.718421562835,103.290807223916,100.965623825615,98.7366532646941,96.5981656696742,94.5448726932441,92.5718860445763,90.6746805902994,88.8490614491743,87.0911345865552,85.3972804831839,83.764130510821,82.1885456964751,80.6675975989573,79.1985510573235,77.7788486014857,76.4060963416435,75.0780511758858,73.7926091749195,72.5477950198256,71.3417523834428,70.1727351587531,69.0390994487595,67.9392962420548,66.87186470676,65.835426042949,64.8286778401934,63.850388892604,62.8993944287924,61.9745917186394,61.0749360226949,60.1994368535249,59.3471545214149,58.5171969395865,57.7087166665295,56.9209081652288,56.1530052610077,55.4042787814463,54.6740343633841,53.9616104134091,53.2663762094819,52.5877301324628,51.9250980173216,51.2779316147111,50.6457071544083,50.0279240028629,49.4241034077598,48.8337873231048,48.2565373088919,47.6919334999012,47.1395736386287,46.5990721677562,46.0700593779332,"0.10","0.5","gamma"
"5",221609.024607345,11523.8851568385,4828.46918754337,2920.61293110689,2051.30553559703,1562.5681352044,1252.52064982042,1039.74084088278,885.401198218744,768.74962569224,677.735191723398,604.902943743495,545.405220595725,495.959841838766,454.269076380713,418.678534728258,387.968143841253,361.219314795266,337.727847715804,316.945251237946,298.438251235459,281.860254147998,266.930853117566,253.420859364334,241.141201223791,229.934576884163,219.66909816926,210.233394333885,201.5328003643,193.48636046478,186.024451035385,179.086879219291,172.621349985279,166.582221313245,160.929486453593,155.62793653327,150.646467427462,145.957502814496,141.53651139313,137.36160087275,133.413174912883,129.673641953989,126.127167041045,122.759459438913,119.557590180823,116.509834759278,113.605537022846,110.834991029383,108.189338161459,105.660477260781,103.240985906402,100.924051263069,98.7034091743338,96.5732903801111,94.5283729085788,92.5637398339852,90.6748417103408,88.8574630902732,87.107692621846,85.4218962866671,83.7966934022959,82.2289350626491,80.7156847332769,79.2542007552309,77.8419205428136,76.4764462875904,75.1555320043531,73.8770717748459,72.6390890624499,71.4397269860914,70.2772394547366,69.1499830752227,68.0564097561157,66.9950599389675,65.9645563959534,64.9635985395391,63.9909571956933,63.0454697973225,62.1260359591607,61.2316133993697,60.3612141766664,59.5139012149511,58.6887850902095,57.8850210569589,57.1018062937207,56.3383773489861,55.5940077709034,54.8680059054996,54.1597128496611,53.4685005463688,52.7937700108186,52.1349496770876,51.4914938559219,50.8628812950561,50.2486138342214,49.648215147678,49.0612295677149,48.4872209831191,47.9257718071135,47.3764820097201,46.8389682099202,46.312862822345,"0.10","0.0","neugammalet"
"6",225110.975671428,11593.4590976146,4839.65930308345,2925.2648827174,2054.37840043906,1565.01266776558,1254.57672302292,1041.48270908174,886.860962597757,769.948934820207,678.693397287861,605.638829954074,545.937053381742,496.305091536384,454.444174933677,418.698735393358,387.84747152515,360.970580015309,337.362700082038,316.474254773133,297.870969647593,281.205338507365,266.196127389776,252.613401236618,240.267416937352,229.000269582139,218.67952975164,209.193341088757,200.446602793111,192.357967786399,184.857460871285,177.884572950402,171.386724243016,165.318016031063,159.638209866144,154.311887471027,149.307755217088,144.598065060388,140.158129883734,135.965915826594,132.001697753736,128.24776678185,124.688180945709,121.308551785224,118.095860979299,115.038302222231,112.125144394264,109.34661276644,106.693785536429,104.15850344415,101.733290584994,99.4112848408739,97.1861765983453,95.052154628758,93.0038581761819,91.0363344410123,89.1450007660078,87.3256109311974,85.5742250479433,83.8871826132626,82.2610783454483,80.6927404729465,79.1792111918087,77.7177290440663,76.3057130010897,74.9407480632219,73.6205722104004,72.343064558709,71.1062345952754,69.9082123790859,68.7472396084531,67.6216614673265,66.5299191726328,65.4705431535663,64.4421468014016,63.4434207351115,62.4731275339726,61.5300968935372,60.6132211659341,59.7214512495054,58.853792796378,58.0093027097388,57.1870859054062,56.3862923147999,55.6061141086415,54.8457831227152,54.1045684687914,53.3817743154108,52.6767378246522,51.9888272322802,51.3174400598211,50.6620014481437,50.0219626030503,49.3967993442203,48.7860107496021,48.1891178880326,47.6056626334764,47.035206554839,46.4773298758104,45.9316304996525,45.3977230942628,44.8752382329811,"0.10","0.0","gammalet"
"7",232906.71828899,11755.7296081727,4840.27840673243,2908.19014642586,2036.7931947641,1549.66122201225,1241.65781116322,1030.69896003569,877.859210761988,762.417901470552,672.378043334335,600.334431455909,541.479701519587,492.562978326956,451.310543385895,416.08641088872,385.684676568185,359.197736000709,335.929973518008,315.339662225977,296.998902801885,280.56540679345,265.762242337954,252.36304625591,240.181060470692,229.060890011366,218.872228082707,209.505023109223,200.865716610124,192.874285816512,185.46189774442,178.569032611177,172.143970929444,166.141564889765,160.522233802634,155.251137490808,150.297492031168,145.634000139265,141.236374471173,137.082936686866,133.154278637422,129.432974766601,125.903336947733,122.55120465128,119.363764662605,116.329395622907,113.437533508928,110.678554844725,108.043674986593,105.524859267139,103.114745147541,100.806573824607,98.5941299841299,96.4716885944687,94.4339678021615,92.4760871312507,90.5935303048314,88.7821121053613,87.0379487727088,85.3574315085421,83.7372027145812,82.1741346422878,80.6653101741964,79.2080054934801,77.7996744295229,76.4379342940286,75.12055304522,73.8454376375615,72.6106234316125,71.414264553512,70.2546251065352,69.1300711484161,68.0390633579571,66.9801503230278,65.9519623895772,64.9532060178722,63.9826585979843,63.0391636816396,62.1216265920619,61.2290103774097,60.3603320769366,59.5146592721239,58.6911068978035,57.8888342907634,57.1070424555118,56.3449715288438,55.6018984265972,54.8771346575498,54.1700242908112,53.4799420643178,52.8062916231656,52.1485038775328,51.5060354708524,50.8783673497201,50.2650034277633,49.6654693363671,49.079311255759,48.5060948205029,47.9454040939486,47.3968406066348,46.8600224540508,46.3345834488101,"0.10","0.0","neugamma"
"8",239310.960870842,11662.5165222758,4835.21678009194,2920.8770722446,2051.65932316737,1563.41856702511,1253.69290758096,1041.05690835859,886.739374503779,770.034736250235,678.92351312984,605.970883706294,546.341808262301,496.761915719105,454.938228450415,419.219171259607,388.386253837335,361.521688504267,337.921583195578,317.037446413425,298.435815989504,281.769800292692,266.758634873035,253.172746439856,240.822672721012,229.550728241573,219.224656000308,209.732735757281,200.979974589891,192.885111178767,185.378238652907,178.398902424809,171.894566217649,165.819366010259,160.133090975218,154.800344750884,149.789851009651,145.073875266449,140.627740921691,136.429422156626,132.459199859847,128.699369526018,125.133992225368,121.748681438755,118.530419894815,115.46740161338,112.548895213542,109.765125231902,107.107168752045,104.566865097598,102.136736709514,99.8099196301636,97.5801022653615,95.4414713008571,93.3886638203099,91.4167248137125,89.5210693838842,87.6974490581963,85.9419216964131,84.2508245562512,82.6207501381131,81.0485244812977,79.5311876272988,78.0659760027789,76.6503065064876,75.2817621115832,73.9580788182164,72.6771338114386,71.4369346969534,70.2356097023684,69.0713987447538,67.942645276763,66.8477888335499,65.7853582114486,64.7539652170254,63.7522989318134,62.7791204439436,61.8332580030686,60.9136025595619,60.0191036530156,59.1487656186472,58.3016440833963,57.4768427263117,56.6735102803396,55.8908377548504,55.1280558602389,54.3844326177049,53.6592711389149,52.9519075616699,52.2617091289796,51.5880724000899,50.930421583044,50.2882069792818,49.6609035316207,49.0480094677142,48.4490450317668,47.8635512978976,47.2910890591075,46.7312377863036,46.1835946522961,45.6477736160988,45.1234045629956,"0.10","0.0","gamma"
"9",177691.694704595,11597.1365949407,4895.95839920242,2972.113511939,2094.82190351673,1601.0953155348,1287.42817102801,1071.79525212585,915.10092580096,796.451803298512,703.711623183395,629.368590836655,568.534564620294,517.89719906161,475.135560468287,438.576991821484,406.986777273915,379.434419254458,355.205914818256,333.744618379184,314.610410917832,297.45090619566,281.980759148842,267.966543155422,255.215527572412,243.567233693454,232.887000727843,223.061026521001,213.992504326965,205.598583901745,197.807959374598,190.558938545976,183.797885462073,177.477954956076,171.558057431125,166.002006602262,160.777813669949,155.857099481797,151.214602368101,146.8277640217,142.676379401235,138.742299436791,135.009177504224,131.462252354393,128.088161544331,124.874780500333,121.811083209573,118.887021234167,116.093418305365,113.421878213653,110.86470408452,108.414827436172,106.065745667953,103.811466836868,101.64646075279,99.5656155672128,97.5641991509578,95.6378246574649,93.7824197533809,91.9941990700903,90.26963949069,88.6054579386348,86.9985913783373,85.4461787756299,83.9455447982331,82.4941850640568,81.0897527689726,79.7300465462718,78.4129994277961,77.136668792146,75.8992271987695,74.6989540183905,73.5342277804128,72.403519166827,71.3053845899408,70.2384602980867,69.201456959475,68.1931546796472,67.2123984126644,66.2580937302826,65.3292029170298,64.4247413623331,63.5437742237228,62.6854133377015,61.8488143571389,61.0331740960955,60.2377280647831,59.4617481790027,58.7045406298516,57.965443900797,57.2438269203828,56.5390873398947,55.8506499262516,55.177965061251,54.5205073390634,53.877774254573,53.2492849757848,52.6345791940948,52.0332160467312,51.4447731061481,50.8688454315881,50.3050446787158,"0.05","0.5","neugammalet"
"10",168868.365766029,11511.1687885086,4933.1116673815,3009.96511031725,2124.99813792614,1624.40780969455,1305.44326950744,1085.79776114834,926.039663547678,805.017257628665,710.410465607467,634.578164117813,572.54047449598,520.919034615037,477.344634082965,440.108745233649,407.949593973321,379.915983414331,355.277869780532,333.466028393997,314.030367974578,296.610517408061,280.914679266691,266.704168850079,253.781937279233,241.983933947327,231.172523835306,221.231412935549,212.061694812539,203.57874052697,195.709729925467,188.391675627839,181.569829069311,175.19638539843,169.229424061532,163.63203667866,158.371604820371,153.419198567561,148.749073009417,144.338244630082,140.166133228798,136.214257884787,132.465977717659,128.906269955188,125.521539213677,122.299453005066,119.228799372351,116.299363268884,113.501818874455,110.827635510099,108.268995196498,105.818720214729,103.470209286564,101.217381205184,99.0546249244388,96.9767552624862,94.9789734990601,93.0568322492013,91.2062040833874,89.4232534376017,87.7044114191654,86.0463531670837,84.4459774707345,82.90038838922,81.4068786466835,79.962914607203,78.5661226572355,77.2142768446225,75.9052876413467,74.6371917129912,73.408142591552,72.2164021601705,71.0603328687551,69.9383906085468,68.8491181816533,67.7911393085512,66.7631531227061,65.7639291068621,64.7923024303262,63.8471696507876,62.9274847479434,62.032255459512,61.1605398931485,60.3114433903948,59.4841156211169,58.6777478889624,57.8915706302205,57.1248510901243,56.3768911621232,55.6470253769804,54.9346190297456,54.2390664337316,53.5597892915858,52.8962351744221,52.2478761007652,51.6142072077684,50.9947455078089,50.3890287241471,49.7966141998608,49.2170778747461,48.6500133253161,48.0950308636507,"0.05","0.5","gammalet"
"11",194403.111403561,11675.7069860857,4900.91836289126,2980.27022883377,2103.29570325835,1608.57971106904,1293.69148487192,1076.92864559467,919.267591467229,799.811910936746,706.403038773422,631.504903995497,570.208018178369,519.182515139598,476.09344367411,439.257022924345,407.429710929576,379.673981002292,355.270200669442,333.657186382867,314.391136103193,297.116654013836,281.545919361353,267.443455932603,254.614825860001,242.89812012609,232.157473043121,222.278062186279,213.162212653139,204.726332075591,196.898477440939,189.616407300286,182.826010390609,176.480028723241,170.537012917424,164.960462107419,159.718111589391,154.781339521925,150.124670172376,145.725355924597,141.563023902405,137.619375886863,133.87793241162,130.323813655592,126.943551125043,123.724925209848,120.656824573116,117.729124037073,114.932578196984,112.258728457315,109.699821561702,107.248737997775,104.898928912672,102.644360385723,100.479464079626,98.3990934370271,96.3984847112125,94.4732222217126,92.6192073115908,90.832630555775,89.1099468312458,87.4478529121153,85.8432672971148,84.2933120149949,82.7952961858897,81.3467011446472,79.9451669561686,78.5884801735737,77.2745627079545,76.0014616940449,74.7673402496608,73.5704690385329,72.4092185564312,71.282052069452,70.1875191412127,69.1242496925902,68.0909485437166,67.0863903932811,66.1094151949065,65.1589238945346,64.2338744964406,63.3332784287703,62.4561971823929,61.6017391994501,60.7690569902765,59.9573444594249,59.165834423355,58.3937963039884,57.6405339838001,56.9053838094319,56.1877127319949,55.4869165732948,54.8024184081671,54.1336670539724,53.4801356590833,52.841320382894,52.2167391605202,51.6059305459348,51.0084526278013,50.4238820127436,49.8518128712286,49.2918560419259,"0.05","0.5","neugamma"
"12",197419.264061616,11641.8520386466,4898.66329603095,2984.35631200122,2108.0372248245,1612.85649216895,1297.32389451656,1079.95441172139,921.769410821971,801.872458974067,708.094019222471,632.885804542018,571.327508940073,520.080336928053,476.802149753186,439.803425020354,407.836033468671,379.958768988589,355.449031115417,333.743226701726,314.395584291098,297.049087636044,281.414574001038,267.255448828487,254.376336709461,242.614538204483,231.833517664535,221.917881929584,212.769467566366,204.304262151639,196.449959954563,189.144005056017,182.332012513419,175.966485298701,170.00576453373,164.413165151358,159.15625998979,154.206283507876,149.537632512512,145.127446032408,140.955250126887,137.002656254396,133.253104041434,129.691641035455,126.304733404445,123.080102643628,120.006584228378,117.074004859402,114.273075517991,111.595298013736,109.032883086418,106.578678434707,104.226105300479,101.969102449181,99.8020765624542,97.7198582055591,95.7176626545446,93.7910549707559,91.9359187966744,90.148428420055,88.4250237151067,86.7623876219549,85.1574258703414,83.607248691709,82.1091542965374,80.6606139218914,79.2592582783201,77.9028652461235,76.5893486890485,75.3167482691226,74.0832201599356,72.8870285675076,71.7265379782154,70.6002060622705,69.5065771691544,68.4442763583504,67.4120039148165,66.40853030401,65.432691526022,64.4833848325612,63.5595647742398,62.6602395489009,61.7844676246414,60.9313546137901,60.100050376401,59.2897463338974,58.4996729753331,57.7290975403927,56.9773218647257,56.2436803745335,55.5275382185148,54.8282895263492,54.1453557838538,53.4781843158188,52.8262468683114,52.1890382829401,51.5660752562144,50.9568951777114,50.3610550412853,49.7781304240308,49.207714528155,48.6494172815298,"0.05","0.5","gamma"
"13",204823.938032741,11841.7042315664,5024.57458774713,3046.46298989462,2141.15164609503,1631.61956100153,1308.33654681516,1086.49377936723,925.595621727634,803.99145349122,709.109776373351,633.175579688148,571.134577397036,519.565679488721,476.074538375125,438.937595436447,406.884014994796,378.957143275741,354.423693623827,332.712574726711,313.372690012401,296.04320270623,280.432185717925,266.301030547817,253.452886713615,241.723970296399,230.976946616548,221.095833589089,211.982034464826,203.551219361951,195.730851731897,188.458209858622,181.678791926886,175.345020910593,169.415185744228,163.85257013668,158.624731473734,153.702900584215,149.061479455616,144.677618806289,140.530861132834,136.602837729536,132.877010423943,129.338450538889,125.973648987806,122.770352521144,119.717422030221,116.804709529397,114.02295101495,111.363672868029,108.819109851732,106.382133065939,104.046186481635,101.805230889706,99.6536942761215,97.5864277827361,95.5986665360218,93.6859947293132,91.8443144309605,90.0698176641212,88.3589613659691,86.7084448868112,85.1151897344879,83.5763213077521,82.0891523951517,80.6511682441141,79.2600130291708,77.9134775691943,76.6094881615965,75.3460964171239,74.1214699925033,72.933884130044,71.7817139236468,70.6634272397065,69.5775782293102,68.5228013750803,67.4978060221147,66.501371347852,65.5323417304349,64.589622479331,63.6721758956847,62.7790176331571,61.9092133329331,61.061875509172,60.236160663486,59.4312666090991,58.646429987176,57.8809239594594,57.1340560628302,56.4051662127286,55.6936248435572,54.9988311752633,54.3202115962513,53.6572181536469,53.0093271427146,52.3760377879379,51.756871008905,51.1513682647283,50.5590904712471,49.9796169857387,49.4125446542686,48.8574869166484,"0.05","0.0","neugammalet"
"14",222092.396334391,11845.281359978,4998.48360558566,3036.56550541661,2139.43227728476,1633.65348804174,1312.03930055595,1090.85882987871,930.122241629447,808.42765061059,713.331077911659,637.124923316407,574.791185142136,522.928366767442,479.152521568844,441.745334501379,409.438291199948,381.275404068491,356.523128617165,334.609618622857,315.0827762837,297.580664306838,281.810240991721,267.53181716338,254.547521201844,242.692619689404,231.828904136831,221.839593687721,212.625364570958,204.101226974969,196.194046261619,188.840559083584,181.985773211489,175.581667471253,169.586128328715,163.962074508544,158.676732093747,153.70103086473,149.009098939189,144.577837591374,140.38656183971,136.416695270608,132.651509815032,129.075902962675,125.676206297377,122.440020350631,119.356071660733,116.414088641745,113.604693445774,110.919307472806,108.350068566491,105.889758249248,103.531737609344,101.269890666939,99.0985742239365,97.0125733506334,95.0070617859829,93.0775666321688,91.2199368115831,89.4303148281193,87.70511143718,86.0409828818848,84.4348103981911,82.8836817302513,81.384874430422,79.9358407467422,78.534193925142,77.1776957747542,75.8642453629381,74.5918687224527,73.3587094669531,72.1630202229569,71.0031547968588,69.877561004703,68.7847741004142,67.7234107452007,66.6921634670142,65.6897955643768,64.7151364136819,63.7670771433079,62.8445666416336,61.9466078693679,61.0722544495561,60.2206075112545,59.3908127651967,58.5820577918672,57.7935695242561,57.0246119092363,56.2744837329987,55.5425165973167,54.8280730346147,54.1305447508971,53.4493509865635,52.7839369860181,52.133772567766,51.4983507874114,50.8771866866097,50.2698161216208,49.6757946656336,49.0946965795176,48.5261138460912,47.9696552632124,"0.05","0.0","gammalet"
"15",225153.112273142,11956.0642901961,4995.60650285558,3022.44897639899,2125.54505580398,1621.68628419845,1302.01798201853,1082.50940715428,923.155160820897,802.595957541984,708.435377396567,633.006411229939,571.323310757188,520.009664369542,476.700969128251,439.694042104097,407.732230951856,379.868925971574,355.378062512605,333.693812681932,314.368962031676,297.045567534682,281.433879296454,267.296940330149,254.439161841389,242.697729688037,231.936058434086,222.038747287908,212.907651956395,204.4587955304,196.619917161886,189.328510497722,182.530241749915,176.177664631139,170.229169336429,164.648117461669,159.402125701743,154.462469401396,149.803583270375,145.40264134194,141.239201925283,137.294906150471,133.55322092894,129.999218901367,126.619389327998,123.401474977204,120.334330948592,117.407802075404,114.612616123546,111.940290469833,109.383050321677,106.933756851658,104.585843876657,102.333261922941,100.170428694334,98.0921851069458,96.0937561762465,94.1707161448836,92.3189573259671,90.5346622094531,88.8142784409676,87.1544963348488,85.5522286278422,84.0045922180187,82.5088916661609,81.0626042649099,79.6633665051033,78.3089617895813,76.9973092627443,75.7264536397735,74.4945559329938,73.2998849846741,72.1408097258659,71.0157920898926,69.9233805169962,68.8622039935686,67.8309665754914,66.8284423504629,65.8534707989281,64.9049525174054,63.9818452717084,63.0831603508396,62.2079591952497,61.3553502757474,60.5244862016534,59.7145610388519,58.9248078202314,58.1544962326542,57.4029304660642,56.6694472116705,55.9534137973211,55.2542264492616,54.5713086704217,53.9041097262466,53.2521032298694,52.6147858191252,51.991675918546,51.3823125800569,50.7862543966153,50.203078483513,49.6323795224693,49.0737688634804,"0.05","0.0","neugamma"
"16",231267.154001431,11889.2204090861,4991.69509388226,3031.32402950013,2136.075731622,1631.47725002805,1310.60244226528,1089.90457394655,929.495796185318,808.031432988631,713.101004314381,637.017408762066,574.7756949686,522.982965593084,479.261111291781,441.895882621832,409.62166087757,381.48456157296,356.7525942149,334.855078460773,315.340803145811,297.848513478055,282.085698873138,267.813087543124,254.833138803946,242.981383749802,232.119826864355,222.131859913369,212.918299894392,204.394272426432,196.486738004096,189.132512046217,182.276667812752,175.871238787907,169.87415721368,164.248380271476,158.961166441964,153.983472866209,149.289450818681,144.856021208906,140.662515730579,136.690372149355,132.922874464402,129.344930443233,125.942880425155,122.704332399607,119.618019254502,116.673674804874,113.861925790351,111.174197499724,108.6026310644,106.140010776807,103.779700048719,101.515584838348,99.3420235526238,97.2538025789434,95.246096724319,93.3144339435206,91.4546638250859,89.6629293777583,87.9356417223031,86.2694573466543,84.6612576275007,83.1081303599758,81.607353070152,80.1563779134065,78.7528179861301,77.3944348993346,76.0791274809244,74.8049214892032,73.5699602339093,72.3724960130234,71.2108822840181,70.0835664973324,68.9890835278379,67.9260496470702,66.8931569851561,65.8891684367947,64.9129129704348,63.9632813040213,63.0392219144302,62.1397373510282,61.2638808267438,60.4107530626597,59.5794993644686,58.7693069112227,57.9794022386637,57.2090489010882,56.4575452971923,55.7242226466782,55.0084431056037,54.3095980095395,53.627106234567,52.9604126670279,52.308986773726,51.672321264999,51.0499308437168,50.4413510338571,49.8461370828307,49.2638629322168,48.6941202519979,48.1365175336036,"0.05","0.0","gamma"
"17",215882.506952459,12070.3581853202,5149.6169199493,3141.44430207372,2216.90647480013,1694.04032626021,1361.0643357456,1131.90631390725,965.315754053533,839.169398407156,740.587465539131,661.586460664679,596.966549114309,543.202155268423,497.822068002959,459.044959718501,425.555751217725,396.363336988802,370.707207041553,347.994476872239,327.756400418774,309.617698316613,293.274514484677,278.478304338141,265.023877882537,252.740402876477,241.484549560233,231.135206702766,221.58936550707,212.758881851878,204.567906385035,196.950827590836,189.850612591209,183.217459039654,177.007692335684,171.182857776885,165.708968726421,160.55588048811,155.696766112218,151.107675347307,146.767161798729,142.655966337896,138.756747137181,135.053848538011,131.5331024097,128.18165681049,124.987827685711,121.940970080897,119.031365948409,116.25012611421,113.589104369859,111.040821981375,108.598401175631,106.255506387185,104.006292232984,101.845357336056,99.7677032477531,97.7686978259059,95.8440425169207,93.9897430664375,92.2020832480209,90.477601254438,88.8130684430087,87.2054701665887,85.6519884560818,84.14998634986,82.6969936908332,81.2906942338236,79.9289139248284,78.6096102301746,77.3308624078373,76.0908626256063,74.887907841625,73.7203923722908,72.5868010808077,71.4857031269566,70.4157462250522,69.3756513626886,68.3642079378501,67.3802692763589,66.4227484955187,65.4906146832667,64.5828893652016,63.6986432345896,62.8369931228646,61.9970991903121,61.1781623185536,60.379421688178,59.6001525264173,58.8396640111487,58.097297318754,57.3724238044895,56.6644433050249,55.972782553724,55.2968937000548,54.6362529252661,53.9903591471278,53.3587328071499,52.7409147342344,52.13646507922,51.5449623152262,50.9660022989712,"0.01","0.5","neugammalet"
"18",217159.966968703,12026.6825776954,5136.82304467817,3141.2576545944,2221.08812250652,1699.58961201405,1366.82074136378,1137.41027308773,970.395296221923,843.776114839375,744.726698393811,665.286078315226,600.262558602732,546.132025993418,500.421711522396,461.347479444952,427.591052984645,398.158150989939,372.28529537206,349.376912842475,328.961862961131,310.662754347366,294.173877405337,279.24506473885,265.669706449938,253.275727358227,241.918708385512,231.476582035266,221.845498402002,212.936571956753,204.673298347666,196.989486059576,189.827587432237,183.137342162727,176.874667315392,171.000743280056,165.48125660558,160.285769272719,155.387190520919,150.761332352547,146.386533697638,142.243341217724,138.314237068154,134.58340577956,131.036533876184,127.660637008762,124.44391030809,121.375598412597,118.445882227522,115.645779964412,112.967060410603,110.40216670714,107.944149184381,105.586606028352,103.323630736807,101.1497654787,99.0599596002577,97.0495326294163,95.114141221803,93.2497495686342,91.4526028522835,89.7192033908158,88.0462891601109,86.4308144226162,84.8699322264082,83.360978567977,81.901458037744,80.4890307894333,79.121500693515,77.7968045515163,76.5130022623931,75.2682678446879,74.0608812291406,72.8892207459752,71.7517562394707,70.6470427497646,69.5737147083084,68.5304805990832,67.5161180427054,66.5294692649943,65.5694369154987,64.6349802049688,63.7251113338472,62.8388921866116,61.9754312692475,61.133880869318,60.3134344200507,59.5133240516074,58.7328183142679,57.9712200596635,57.2278644674519,56.502117205964,55.7933727163677,55.1010526108165,54.4246041758778,53.7634989732895,53.1172315307629,52.4853181161742,51.8672955890331,51.2627203236249,50.6711671986789,50.0922286487094,"0.01","0.5","gammalet"
"19",252579.482824511,12170.9723128168,5112.60287879398,3115.37500846306,2200.998513218,1684.37568863404,1355.20301496096,1128.43243583448,963.388775262512,838.271969490565,740.389809882294,661.871767061265,597.588448532317,544.059591585851,498.843940343528,460.180448276393,426.768056661067,397.625530672888,371.999421122993,349.301965245529,329.06817773873,310.925570178985,294.572376889466,279.761631454318,266.289343368412,253.985597157736,242.707766868776,232.335283379857,222.765556351105,213.910764955764,205.695309484991,198.053770781229,190.929263577605,184.272098058922,178.038684573038,172.190631627898,166.6939986382,161.518673403685,156.637850761425,152.027593794256,147.666462783759,143.535200050348,139.616461131582,135.894584565639,132.355393983948,128.986027360992,125.77478918497,122.711022050036,119.784994766828,116.987804572435,114.311291416483,111.747962624348,109.290926505654,106.933833697059,104.670825211667,102.496486320185,100.405805516644,98.3941379286677,96.4571726224929,94.5909033291266,92.7916021825428,91.0557961156614,89.38024560656,87.7619255072706,86.1980077217081,84.6858455286396,83.2229593708731,81.8070239536754,80.4358565142931,79.1074061408188,77.8197440328632,76.5710546088757,75.3596273757611,74.1838494858821,73.042198914818,71.9332382005073,70.8556086907913,69.8080252519977,68.7892713961692,67.7981947889266,66.8337031038402,65.8947601926297,64.9803825435647,64.0896360031667,63.2216327387292,62.3755284213394,61.5505196110134,60.7458413272831,59.9607647901253,59.194595317506,58.4466703670602,57.7163577105521,57.0030537307642,56.3061818313767,55.6251909512181,54.9595541750096,54.3087674333964,53.672348285667,53.0498347791084,52.440784379444,51.8447729672548,51.2613938955096,"0.01","0.5","neugamma"
"20",254574.888617829,12131.6364338122,5108.5821384593,3118.72804062495,2205.46912733773,1688.58931614938,1358.86819298948,1131.5349754867,965.985890386286,840.433319440682,742.180319833367,663.34741766583,598.796180127144,545.038403525129,499.62620006008,460.793092711967,427.233605074507,397.962909461906,372.224626104691,349.42859101372,329.107840940415,310.888248993183,294.466684509857,279.595037548327,266.06835439966,253.715904039084,242.394366540034,231.982579461756,222.37744291728,213.490696609146,205.246360263687,197.578683905531,190.430493649294,183.751847010059,177.498932414068,171.633162848967,166.120424961595,160.930453460514,156.036307165312,151.413928003734,147.041768079273,142.900472898082,138.972611162431,135.242443361478,131.69572283355,128.319524123185,125.102094376085,122.032724255482,119.101635462264,116.29988242787,113.619266146462,111.052258438714,108.591935208045,106.231917472067,103.966319136253,101.789700630377,99.6970276566311,97.6836344060431,95.7451906904869,93.8776725141539,92.0773356732218,90.3406920275659,88.6644881353191,87.0456859811975,85.4814455638847,83.9691091372824,82.5061869258449,81.090344156158,79.7193892658897,78.391263167697,77.1040294599678,75.8558654887249,74.6450541758829,73.4699765385427,72.3291048323333,71.220996259107,70.1442871857189,69.0976878262741,68.0799773452173,67.0899993430515,66.1266576903737,65.1889126793838,64.2757774650899,63.3863147711781,62.5196338379413,61.6748875918435,60.8512700182329,60.0480137204528,59.264387650161,58.4996949950573,57.7532712114739,57.0244821904139,56.3127225466307,55.6174140212618,54.9380039893504,54.2739640643398,53.6247887922915,52.9899944291972,52.3691177953005,51.7617152008478,51.1673614381434,50.5856488350394,"0.01","0.5","gamma"
"21",262605.590109288,12158.3335106741,5118.36011075549,3116.29884992979,2199.4165683389,1681.8945693386,1352.50371061518,1125.7914443994,960.91376562088,835.998400611002,738.321656708026,659.999433476686,595.896936485715,542.532309528339,497.464479011472,458.933378152563,425.639244565368,396.602218491819,371.070188741209,348.456640216883,328.297724049783,310.221972771802,293.928530305803,279.171236515624,265.746813418542,253.485974127576,242.246646770487,231.908750528184,222.370125487336,213.543330430616,205.353100691231,197.734313087516,190.630344086221,183.991735583047,177.77510329933,171.942237995104,166.459361021297,161.296504245535,156.426990840235,151.826998355822,147.475189302957,143.352397417236,139.441360084316,135.726489215674,132.193674299158,128.830112489783,125.624161519597,122.565211940408,119.643575807412,116.850389394707,114.177527927885,111.617530642084,109.163534740095,106.809217045072,104.548742325072,102.376717418721,100.288150418525,98.2784142750248,96.3432142747845,94.4785589210485,92.6807338101225,90.94627815109,89.2719636229605,87.6547753030488,86.0918944343995,84.5806828292846,83.1186687309326,81.7035339773714,80.3331023300203,79.0053288459501,77.7182901868735,76.4701757702347,75.2592796785177,74.0839932522804,72.9427983006543,71.8342608702682,70.7570255199065,69.7098100538031,68.6914006714095,67.7006474958347,66.73646044702,65.7978054291322,64.8837008047018,63.9932141307385,63.1254591344624,62.2795929084441,61.4548133068624,60.6503565263074,59.8654948560978,59.0995345844584,58.3518140481429,57.621701814206,56.9085949836269,56.2119176073928,55.5311192064683,54.8656733878132,54.2150765492754,53.5788466667962,52.9565221579054,52.3476608159915,51.7518388102619,51.1686497462565,"0.01","0.0","neugammalet"
"22",246791.170372325,12094.8278876838,5133.53600365723,3132.59002935705,2212.51786684632,1692.14304954888,1360.5573415375,1132.17912815726,966.022389505043,840.108762644343,741.640071266995,662.680111062779,598.057182401422,544.262841111347,498.836517210614,460.003603318725,426.453320361558,397.197340308626,371.476956213701,348.700453591999,328.399839780937,310.20031158706,293.798302982333,278.945433670644,265.436592649821,253.100968806927,241.795214424582,231.398174190375,221.806778113393,212.932810064553,204.700342288402,197.043681574067,189.905712233174,183.236549512443,176.992437856651,171.134843771629,165.629704459378,160.446801984989,155.559239247243,150.942999003617,146.576571036173,142.440635521416,138.517792992978,134.792333115022,131.250035931566,127.878000408879,124.664496010027,121.598833782505,118.671254039758,115.872828204875,113.195372782656,110.631373752544,108.173919943581,105.816644174643,103.553671127566,101.379571074326,99.2893187078356,97.2782564336108,95.3420615702153,93.4767169829441,91.6784847400253,89.9438824357028,88.2696618714774,86.6527898268598,85.0904306853272,83.5799307106548,82.1188037941685,80.7047185153807,79.3354863774087,78.0090510950022,76.723478827284,75.4769492597293,74.2677474507552,73.0942563677675,71.9549500458223,70.8483873093394,69.7732060037192,68.7281176893519,67.7119027554939,66.7234059158822,65.7615320518566,64.8252423722158,63.9135508620949,63.0255209958927,62.1602626916937,61.3169294868114,60.4947159160073,59.6928550756772,58.9106163588479,58.1473033472178,57.4022518477281,56.6748280622715,55.9644268801614,55.2704702838935,54.5924058595557,53.9297054039887,53.2818636214656,52.6483969032765,52.0288421841482,51.4227558699352,50.8297128314653,50.2493054596782,"0.01","0.0","gammalet"
"23",273242.065321447,12224.1765292544,5109.93405468803,3108.38399655323,2194.05595313724,1678.31316276177,1350.08124148319,1124.13915604585,959.789406229802,835.24660950915,737.839444231948,659.716388671569,595.763593184194,542.513084600054,497.533246678543,459.070612951406,425.830126880239,396.835347823609,371.3366907722,348.749535113072,328.611471784706,310.55214073227,294.271546851031,279.524205917944,266.107375275228,253.852195419707,242.616938179991,232.281800981144,222.744850532446,213.918831219464,205.728631154255,198.109253497364,191.004179637087,184.364038936924,178.14552029032,172.310475863425,166.825178685422,161.659704225377,156.78741252467,152.184512370076,147.829692779957,143.703810015092,139.789620622148,136.07155282385,132.535509999021,129.168701133192,125.959494030889,122.897287813314,119.972401817539,117.175978494777,114.499898298331,111.936704874018,109.479539131337,107.122080992962,104.858497802282,102.683398520415,100.591792970937,98.579055497019,96.6408924851721,94.7733132855085,92.9726041224243,91.2353046440781,89.5581868053888,87.9382358188924,86.3726329417308,84.8587398961917,83.3940847462982,81.9763490746149,80.6033563221561,79.2730611705298,77.9835398595605,76.7329813459239,75.5196792190475,74.3420242999038,73.1984978565432,72.0876653774107,71.0081708498398,69.9587314966895,68.9381329290256,67.9452246770957,66.978916065705,66.0381724035188,65.1220114588524,64.2295001972109,63.3597517582463,62.5119226519467,61.6852101557895,60.8788498963023,60.0921136000199,59.3243070001941,58.5747678868576,57.8428642889541,57.1279927782491,56.4295768856371,55.7470656212802,55.079932090746,54.4276721999799,53.7898034425515,53.1658637631596,52.5554104918789,51.9580193440681,51.3732834808974,"0.01","0.0","neugamma"
"24",276615.306698356,12182.2971371541,5104.6930664881,3110.75541177778,2197.76939747407,1681.93655716372,1353.27652534865,1126.86001346684,962.071104715434,837.143515204153,739.40555423582,660.999681383367,596.805016855407,543.347061276872,498.188584741827,459.571438243478,426.196707183881,397.08478379844,371.483481278918,348.806035159635,328.588262386148,310.45832786339,294.115003781707,279.311770447374,265.845011007347,253.54512428986,242.269749909019,231.89854392977,222.329107490071,213.473782929923,205.257109810427,197.613787990212,190.487033994418,183.827245111139,177.590906235944,171.739689671499,166.23970940308,161.060899877585,156.176495765325,151.562594116977,147.197784129014,143.062832680842,139.140416112026,135.414890521019,131.87209430159,128.499177775239,125.284455692066,122.217279108203,119.287923742848,116.487492401451,113.807829446352,111.24144561981,108.781451790985,106.421500418765,104.155733705292,101.978737567448,99.8855006809528,97.8713779586936,95.9320579148226,94.0635334422232,92.262075595266,90.5242100244857,88.8466957563974,87.2265060514699,85.6608111073811,84.1469624039622,82.6824785114428,81.2650322053867,79.8924387505146,78.5626452319436,77.2737208265492,76.0238479195098,74.8113139818653,73.6345041343452,72.4918943309782,71.382045103233,70.3035958118187,69.2552593588748,68.2358173182399,67.2441154458605,66.2790595362763,65.3396115945557,64.4247862961043,63.5336477094872,62.6653062598188,61.8189159124368,60.9936715584991,60.188806585868,59.4035906201925,58.6373274224813,57.8893529307038,57.1590334340778,56.4457638697066,55.7489662321359,55.0680880872237,54.4026011824528,53.7520001464859,53.1158012713726,52.4935413713609,51.8847767127721,51.2890820098391,50.7060494816489,"0.01","0.0","gamma"
"25",276020.209155425,12240.1695445656,5168.94084429679,3142.17479990431,2215.14153742148,1692.68009635517,1360.53664813939,1132.1383164523,966.155235812743,840.476737248113,742.250840217364,663.51946301462,599.102825075052,545.490545378966,500.222834888649,461.526990166461,428.094503300838,398.93932919845,373.304896360116,350.6014162682,330.362598668923,312.215127929232,295.856729337077,281.040139583038,267.561212272635,255.249968975369,243.963781072753,233.582114854217,224.002438354671,215.137001844354,206.910282548515,199.256939515447,192.120163995634,185.450339151851,179.203943683513,173.342649258938,167.832573050167,162.643655233647,157.749137815999,153.125126109038,148.750218002215,144.6051891474,140.672724488431,136.937188389986,133.384427061849,130.001598121792,126.77702305817,123.700059091829,120.760987533953,117.950916221574,115.261694008443,112.685835613507,110.21645539654,107.847208851338,105.572240790279,103.386139346679,101.283895049098,99.2608643287948,97.3127369116358,95.4355066219062,93.6254451898526,91.8790787095653,90.1931664404261,88.5646816851743,86.99079451177,85.4688561155284,83.9963846432116,82.5710523225439,81.1906737594291,79.8531952814756,78.5566852206152,77.2993250399476,76.0794012207151,74.8952978347292,73.7454897358251,72.6285363111532,71.5430757394914,70.4878197093601,69.4615485546772,68.4631067700569,67.4913988717328,66.5453855735145,65.624080250235,64.7265456638641,63.8518909298682,62.9992687035621,62.1678725681153,61.3569346076005,60.5657231500153,59.7935406665901,59.0397218149355,58.3036316147058,57.5846637454543,56.8822389572665,56.1958035855752,55.5248281623001,54.8688061161209,54.2272525553029,53.5997031270347,52.9857129477431,52.3848555993121,51.7967221865684,"0.00","0.5","neugammalet"
"26",260036.358525967,12130.5138034565,5182.35212502159,3161.84746159895,2232.16370002194,1706.52083920912,1371.71124005122,1141.19965192333,973.549208900334,846.54388298167,747.249519831641,667.647183441808,602.5123928262,548.301728016037,502.530703353696,463.407916202386,429.610515955325,400.141318589654,374.234999978638,351.294818776071,330.848905666837,312.519426417499,296.000415001903,281.041568558842,267.436219348488,255.012283145309,243.62536142762,233.153424107532,223.492667131661,214.554253793584,206.261728050244,198.548944043596,191.358395888556,184.639860552192,178.349287641058,172.447885395535,166.901363720947,161.679303753014,156.754630027249,152.103166345779,147.703260304919,143.535464449561,139.582264366228,135.82784587127,132.257894910046,128.859424944463,125.620627535622,122.530742576162,119.579945231526,116.759247140617,114.060409827386,111.475868603586,108.998665513703,106.622390096762,104.341126925464,102.149409037776,100.042176505404,98.0147394920563,96.0627452457094,94.1821485461534,92.3691851943861,90.6203481858779,88.9323662569663,87.3021845339895,85.7269470493348,84.2039809182556,82.7307819958562,81.3050018557004,79.924435950562,78.5870128323748,77.2907843228007,76.0339165383449,74.8146816848555,73.6314505457876,72.4826855969697,71.3669346879384,70.2828252363633,69.2290588877545,68.2044065976647,67.2077040980185,66.237847713128,65.2937904944296,64.3745386460582,63.4791482161307,62.6067220310479,61.7564068523109,60.9273907372955,60.1189005871702,59.3301998667083,58.5605864821435,57.8093908044736,57.0759738267542,56.3597254449362,55.6600628527232,54.9764290417491,54.3082913991301,53.6551403951142,53.0164883541716,52.3918683034196,51.7808328927803,51.1829533817372,50.5978186879518,"0.00","0.5","gammalet"
"27",291051.124008894,12278.8792712833,5160.43691397499,3136.59112106623,2212.18628031375,1691.20553634909,1359.88942916654,1131.96638955618,966.262708683204,840.750080584479,742.621844091936,663.945937666144,599.558093651792,545.957481164367,500.690350597206,461.987903627115,428.544203442477,399.374922075069,373.724647108497,351.004377952617,330.748361683593,312.583648642606,296.208211690282,281.374952595433,267.879832209364,255.55293864432,244.251681135022,233.855543630131,224.261997679116,215.383287253312,207.143876579349,199.4784072514,192.330050229217,185.649166714734,179.392212614034,173.520836567151,168.001132904676,162.803019441299,157.899716499842,153.267308515144,148.884373384615,144.731667694169,140.791858262205,137.049292263802,133.48979963686,130.100522617638,126.869768169886,123.7868798095,120.842125923022,118.026602162959,115.332145898499,112.75126102453,110.277051698933,107.903163798883,105.623733070113,103.43333909572,101.326964338679,99.2999576192969,97.3480014788746,95.4670829569759,93.653467374076,91.9036747661237,90.2144586641644,88.582786951998,87.0058245689689,85.4809178542816,84.0055803544516,82.5774799372797,81.1944270745592,79.8543641720505,78.5553558394466,77.2955800053975,76.0733197934439,74.8869560841256,73.7349606967915,72.6158901318736,71.528379820765,70.4711388360419,69.4429450197323,68.4426404916967,67.4691275040708,66.5213646111482,65.5983631271344,64.6991838469176,63.8229340074161,62.9687644692242,62.1358671001979,61.32347234435,60.5308469609664,59.7572919202414,59.0021404429694,58.2647561729542,57.5445314718005,56.8408858266591,56.1532643623201,55.4811364497845,54.8239944041155,54.1813522649778,53.5527446538176,52.9377257021407,52.3358680457996,51.746761880922,"0.00","0.5","neugamma"
"28",294354.71348279,12231.5968164257,5154.64550945336,3139.67295924526,2216.90107096409,1695.8498560527,1364.04699274826,1135.57151612089,969.350499886968,843.380872313113,744.857126461363,665.841049508926,601.160657997952,547.307779700177,501.822266563146,462.929937234431,429.320391864148,400.005620597789,374.227173868292,351.393539550125,331.036879816692,312.782506359257,296.326935043564,281.421840579414,267.862145289136,255.477054067158,244.123221500954,233.679483848338,224.042754374859,215.124793858498,206.849646688342,199.15158831237,191.973469238769,185.2653692655,178.983496392557,173.089280198337,167.548620878143,162.331263725603,157.410275346043,152.761602866474,148.363701239948,144.197216716551,140.24471687729,136.490459454799,132.920193610941,129.520988492399,126.281084806555,123.189765901171,120.237245430791,117.41456917983,114.713529009947,112.126587225286,109.646809917641,107.267808075517,104.983685425269,102.788992125945,100.678683567747,98.6480836316489,96.6928518583016,94.8089540508486,92.9926359010596,91.2403992832363,89.5489809072291,87.9153330619643,86.3366062151923,84.8101332646407,83.3334152611165,81.904108446008,80.5200124645671,79.1790596327791,77.8793051498935,76.6189181611139,75.3961735857853,74.2094446358953,73.0571959580094,71.9379773390474,70.8504179227154,69.7932208890508,68.7651585545225,67.7650678545229,66.7918461739932,65.8444474953757,64.9218788361544,64.0231969509802,63.1475052758034,62.293951093612,61.4617229033062,60.6500479749774,59.8581900764126,59.0854473570383,58.3311503767663,57.5946602683347,56.8753670227448,56.1726878883108,55.4860658746619,54.8149683537825,54.1588857508469,53.5173303182172,52.8898349865233,52.2759522872474,51.6752533416976,51.0873269116353,"0.00","0.5","gamma"
"29",187357.331253562,12204.3630929455,5155.72426998926,3140.26696910896,2217.84778912294,1696.93571003518,1365.13798560411,1136.60936860921,970.314274729312,844.26667245599,745.668604498369,666.584968450236,601.844777111423,547.939843508944,502.409536353161,463.478996637217,429.837092365052,400.495097520842,374.693896002169,351.841372661082,331.469153509299,313.202078817871,296.73625300786,281.822993473876,268.256913283473,255.866950296337,244.509528893559,234.063287100504,224.424967622704,215.506184578752,207.230856314817,199.533150006296,192.355823200289,185.648875925204,179.368447777453,173.47590972682,167.937111803335,162.721756415749,157.802873564056,153.156379187732,148.760701727759,144.596464957745,140.646217465919,136.894200999506,133.326151330944,129.929126457942,126.691357871905,123.602121371569,120.651624499058,117.830908163435,115.131760415134,112.546640661245,110.068612880619,107.691286620075,105.408764737597,103.215597012172,101.106738868452,99.0775145723259,97.123584344232,95.2409149137372,93.4257531038375,91.6746020885967,89.9842000147474,88.3515007180255,86.7736562994091,85.2480013559724,83.7720386864873,82.3434263138669,80.9599656855211,79.6195909291565,78.3203590558611,77.0604410147614,75.8381135144131,74.65175153558,73.4998214683874,72.3808748141315,71.2935423984588,70.2365290482761,69.2086086897535,68.2086198291867,67.2354613823979,66.2880888218124,65.3655106134271,64.4667849186228,63.5910165382088,62.7373540782633,61.9049873192737,61.0931447718203,60.3010914036014,59.5281265239958,58.7735818136085,58.0368194873776,57.3172305808305,56.6142333499963,55.9272717763032,55.2558141685385,54.5993518546211,53.9573979565496,53.3294862424404,52.7151700500729,52.1140212768184,51.5256294310229,"0.00","0.0","neugammalet"
"30",176314.870040383,12102.1766242629,5172.092719087,3159.44176569922,2233.20465816536,1708.82024232086,1374.37868413206,1143.8680730257,976.068397684879,848.858102947586,749.34560779374,669.531232374586,604.198797599819,549.807894569578,503.874476419175,464.606358360795,430.679373527427,401.094839319334,375.085928834269,352.054480169029,331.52732327316,313.125454739758,296.541869285329,281.525346514685,267.868411883344,255.398273320495,243.969911933262,233.460754054779,223.766519182888,214.797952701453,206.478231640322,198.740887596705,191.52813078334,184.789487929557,178.480687757385,172.562743244576,167.001191426365,161.765460164787,156.828337895278,152.165527392114,147.755268471319,143.578017558646,139.616174401519,135.853848053145,132.276655720455,128.871549232467,125.626664818067,122.531192632534,119.575263078922,116.749847463525,114.046670927254,111.458135924833,108.977254795581,106.597590194289,104.313202337232,102.118602173783,100.008709723993,97.9788169315477,96.0245544732161,94.1418620434295,92.3269616982124,90.5763338984559,88.8866959400136,87.254982498666,85.6783280527607,84.1540509761801,82.6796391199767,81.252736723199,79.8711325126077,78.532748867609,77.2356319411868,75.9779426401905,74.7579483793163,73.5740155327123,72.4246025155502,71.3082534352764,70.2235922587504,69.1693174471832,68.1441970158358,67.1470639798914,66.1768121518575,65.2323922593547,64.3128083552505,63.4171144948644,62.5444116574247,61.6938448911596,60.8646006633591,60.0559043985014,59.2670181891106,58.4972386654158,57.7458950111512,57.0123471139744,56.295983840002,55.596221422886,54.9125019586882,54.2442919985618,53.5910812319288,52.9523812534607,52.3277244077266,51.7166627058785,51.118766809212,50.5336250747786,"0.00","0.0","gammalet"
"31",198643.105373932,12274.4036267572,5140.82107524268,3128.14625203116,2209.81053771578,1691.58334040533,1361.50780158894,1134.1185141601,968.603829455052,843.107418764611,744.908761780352,666.120745514045,601.603196943302,547.868353331521,502.469504299716,463.641514183132,430.080189900771,400.801851911533,375.051116293038,352.238669528761,331.898268929199,313.656395615094,297.210430944573,282.312695765514,268.758598676804,256.377713310134,245.026975869442,234.585439176558,224.950184156205,216.033102248527,207.758340352035,200.060254883472,192.881760752336,186.172989351859,179.89019033084,173.994827154395,168.452827818507,163.233960622825,158.311311382958,153.660843416038,149.26102544939,145.092515564028,141.137891599222,137.381420264993,133.808858650149,130.407282960509,127.164940240017,124.071119566361,121.116039810294,118.290751533496,115.587050996408,112.997404572592,110.514882134034,108.133098193186,105.84615977139,103.64862011645,101.535437520162,99.5019385940763,97.5437854521688,95.656946325508,93.8376691986803,92.0824581127116,90.3880518260573,88.751404565236,87.1696686309701,85.6401786551299,84.1604373291229,82.7281024462522,81.3409751194905,79.9969890525224,78.6942007561732,77.4307806147519,76.2050047176787,75.0152473812317,73.8599742935551,72.7377362233492,71.6471632390731,70.5869593911257,69.5558978144578,68.552816213462,67.5766126948872,66.6262419179777,65.7007115341059,64.7990788908981,63.9204479782817,63.0639665960554,62.2288237245192,61.4142470814323,60.6195008501272,59.8438835649936,59.0867261417995,58.3473900414449,57.6252655567508,56.9197702128035,56.2303472721959,55.556464337255,54.8976120420121,54.25330282729,53.6230697928259,53.0064656208547,52.4030615660306,51.8124465067416,"0.00","0.0","neugamma"
"32",200505.930177625,12233.1991044343,5134.0007979118,3128.88186568525,2212.12711407916,1694.04725966732,1363.73878184536,1136.0302040431,970.199752812876,844.417699343369,745.968922428106,666.964558021403,602.260546920645,548.364934000096,502.827148261788,463.878705602869,430.212583450117,400.842738066651,375.011817866124,352.128871757601,331.726291328615,313.429414955681,296.934664075046,281.993549771251,268.400794577515,255.985388335214,244.603768365545,234.134559396965,224.474473534359,215.535083242197,207.240258534927,199.524114636161,192.329355646324,185.605928115259,179.309919120306,173.402648726676,167.849918089569,162.62138301735,157.690029308134,153.031731137448,148.62487760108,144.450055487287,140.489778673743,136.728256370589,133.151193876062,129.745620661758,126.499741525571,123.402807291609,120.445002135966,117.617345104473,114.911603786503,112.320218435129,109.836235092745,107.453246503418,105.165339777738,102.967049929607,100.853318532932,98.81945685402,96.8611129062448,94.9742419502175,93.155080027638,91.4001201721725,89.7060909877202,88.0699373245913,86.4888028185323,84.9600140870898,83.4810664032394,82.0496106881822,80.6634416842015,79.3204871849468,78.0187982148331,76.7565400617034,75.5319840777839,74.3435001734689,73.18954993681,72.0686803188909,70.9795178317066,69.9207632108243,68.8911865001069,67.8896225201941,66.9149666863537,65.9661711447768,65.0422411994784,64.1422320047031,63.265245500174,62.4104275687064,61.5769653976499,60.7640850273607,59.9710490714739,59.1971545951335,58.4417311386002,57.7041388747867,56.9837668902832,56.280031580356,55.5923751492277,54.9202642076958,54.2631884608208,53.6206594790308,52.992209546538,52.3773905814732,51.7757731226021,51.1869453778238,"0.00","0.0","gamma"
